"lender","borrower","amount"
"Zayden Stevenson","Kason Hutchings","11.00"
"Lauren Wade","Jarod Frost","7.00"
"Aniyah Vo","Jarod Frost","24.00"
"Kason Hutchings","Jarod Frost","6.00"
"Peggy Whiteley","Jarod Frost","20.00"
"Harlan Busby","Kason Hutchings","8.00"
"Brett Davila","Jarod Frost","21.00"
"Jaeden Glenn","Ayra Carney","19.00"
"Eliza Albert","Kason Hutchings","5.00"
"Kirby Bellamy","Humairaa Morales","16.00"
"Lawson Underwood","Humairaa Morales","12.00"
"Ayah Lewis","Kason Hutchings","7.00"
"Ahmet Guerrero","Humairaa Morales","22.00"
"Jarod Frost","Ayra Carney","11.00"
"Rayhaan Bowers","Humairaa Morales","2.00"
"Ailish Pena","Kason Hutchings","7.00"
"Abbie Faulkner","Kason Hutchings","15.00"
"Ayra Carney","Ayra Carney","16.00"
"Ella-Louise Hewitt","Kason Hutchings","11.00"
"Rehaan Maldonado","Kason Hutchings","19.00"
"Maurice Shaw","Kason Hutchings","7.00"
"Humairaa Morales","Kason Hutchings","2.00"
"Jazmin Barry","Ayra Carney","9.00"
"Amos Mellor","Kason Hutchings","12.00"
"Samirah Jennings","Kason Hutchings","19.00"
"Joseff Rich","Ayra Carney","11.00"
"Beth Drummond","Kason Hutchings","7.00"
"Leigh Brooks","Kason Hutchings","1.00"
"Alton Clegg","Kason Hutchings","3.00"
"Eden Bannister","Kason Hutchings","9.00"
"Zayden Stevenson","Kason Hutchings","2.00"
"Lauren Wade","Jarod Frost","8.00"
"Aniyah Vo","Jarod Frost","2.00"
"Kason Hutchings","Jarod Frost","10.00"
"Peggy Whiteley","Jarod Frost","3.00"
"Harlan Busby","Kason Hutchings","7.00"
"Brett Davila","Jarod Frost","2.00"
"Jaeden Glenn","Ayra Carney","6.00"
"Eliza Albert","Kason Hutchings","19.00"
"Kirby Bellamy","Humairaa Morales","4.00"
"Lawson Underwood","Humairaa Morales","13.00"
"Ayah Lewis","Kason Hutchings","22.00"
"Ahmet Guerrero","Humairaa Morales","1.00"
"Jarod Frost","Ayra Carney","21.00"
"Rayhaan Bowers","Humairaa Morales","12.00"
"Ailish Pena","Kason Hutchings","24.00"
"Abbie Faulkner","Kason Hutchings","21.00"
"Ayra Carney","Ayra Carney","15.00"
"Ella-Louise Hewitt","Kason Hutchings","19.00"
"Rehaan Maldonado","Kason Hutchings","22.00"
"Maurice Shaw","Kason Hutchings","7.00"
"Humairaa Morales","Kason Hutchings","16.00"
"Jazmin Barry","Ayra Carney","18.00"
"Amos Mellor","Kason Hutchings","9.00"
"Samirah Jennings","Kason Hutchings","13.00"
"Joseff Rich","Ayra Carney","5.00"
"Beth Drummond","Kason Hutchings","9.00"
"Leigh Brooks","Kason Hutchings","21.00"
"Alton Clegg","Kason Hutchings","23.00"
"Eden Bannister","Kason Hutchings","11.00"